{
  "signals": [
    {
      "id": "8abbf3bd-fcad-4b38-98cb-8e620d50d501",
      "title": "V Lokále nad Stromovkou budou mít novou pálenku.",
      "body": null,
      "date": "2025-12-02T19:40:21.888Z",
      "source": "restaurant",
      "authorId": "117701401018793050237",
      "authorName": "Jan Červenka",
      "authorEmail": "cervenkahonza@gmail.com",
      "authorBrandIds": [],
      "createdAt": "2025-12-02T20:07:04.599Z"
    },
    {
      "id": "4d308b5b-25a1-4e1f-a39f-75ce5b713a6f",
      "title": "V Lokále nad Stromovkou budou mít novou pálenku.",
      "body": null,
      "date": "2025-12-02T19:40:21.888Z",
      "source": "restaurant",
      "authorId": "117701401018793050237",
      "authorName": "Jan Červenka",
      "authorEmail": "cervenkahonza@gmail.com",
      "authorBrandIds": [],
      "createdAt": "2025-12-02T20:07:04.601Z"
    },
    {
      "id": "b0e1d8c0-3f3b-4546-bee3-897099cbd9bd",
      "title": "test",
      "body": null,
      "date": "2025-12-02T19:51:21.348Z",
      "source": "restaurant",
      "authorId": "117701401018793050237",
      "authorName": "Jan Červenka",
      "authorEmail": "cervenkahonza@gmail.com",
      "authorBrandIds": [],
      "createdAt": "2025-12-02T20:07:04.606Z"
    },
    {
      "id": "6e848cbd-9eb1-4a2a-9019-782df6ffe399",
      "title": "test",
      "body": null,
      "date": "2025-12-02T19:51:21.348Z",
      "source": "restaurant",
      "authorId": "117701401018793050237",
      "authorName": "Jan Červenka",
      "authorEmail": "cervenkahonza@gmail.com",
      "authorBrandIds": [],
      "createdAt": "2025-12-02T20:07:04.609Z"
    },
    {
      "id": "529b856f-746c-4758-99e9-cc1cc1f2253f",
      "title": "Test",
      "body": null,
      "date": "2025-12-02T19:57:02.386Z",
      "source": "restaurant",
      "authorId": "117701401018793050237",
      "authorName": "Jan Červenka",
      "authorEmail": "cervenkahonza@gmail.com",
      "authorBrandIds": [],
      "createdAt": "2025-12-02T20:07:04.611Z"
    },
    {
      "id": "122b3d92-2f3b-441a-8f30-0d9dce53ca39",
      "title": "Test",
      "body": null,
      "date": "2025-12-02T19:57:02.386Z",
      "source": "restaurant",
      "authorId": "117701401018793050237",
      "authorName": "Jan Červenka",
      "authorEmail": "cervenkahonza@gmail.com",
      "authorBrandIds": [],
      "createdAt": "2025-12-02T20:07:04.612Z"
    },
    {
      "id": "8409a95a-902c-4e54-bfa5-88c0e176bc28",
      "title": "test",
      "body": null,
      "date": "2025-12-02T19:59:50.605Z",
      "source": "restaurant",
      "authorId": "117701401018793050237",
      "authorName": "Jan Červenka",
      "authorEmail": "cervenkahonza@gmail.com",
      "authorBrandIds": [],
      "createdAt": "2025-12-02T20:07:04.613Z"
    },
    {
      "id": "b3d9cb44-19fa-4efe-abb6-1d4ffcbdcb2b",
      "title": "test",
      "body": null,
      "date": "2025-12-02T19:59:50.605Z",
      "source": "restaurant",
      "authorId": "117701401018793050237",
      "authorName": "Jan Červenka",
      "authorEmail": "cervenkahonza@gmail.com",
      "authorBrandIds": [],
      "createdAt": "2025-12-02T20:07:04.615Z"
    },
    {
      "id": "336cc289-6dc2-4d20-9d81-894276635a01",
      "title": "V Esce od zítra budou péct loupáky.",
      "body": null,
      "date": "2025-12-02T20:07:51.014Z",
      "source": "restaurant",
      "authorId": "117701401018793050237",
      "authorName": "Jan Červenka",
      "authorEmail": "cervenkahonza@gmail.com",
      "authorBrandIds": [],
      "createdAt": "2025-12-02T20:07:51.655Z"
    },
    {
      "id": "e5080baa-b17f-4d7c-be72-a6fac7964ab5",
      "title": "test",
      "body": null,
      "date": "2025-12-02T20:08:26.631Z",
      "source": "restaurant",
      "authorId": "117701401018793050237",
      "authorName": "Jan Červenka",
      "authorEmail": "cervenkahonza@gmail.com",
      "authorBrandIds": [],
      "createdAt": "2025-12-02T20:08:27.282Z"
    },
    {
      "id": "f91258a9-a031-44aa-aa78-97a37b9f6c28",
      "title": "Test",
      "body": null,
      "date": "2025-12-02T20:11:32.951Z",
      "source": "restaurant",
      "authorId": "117701401018793050237",
      "authorName": "Jan Červenka",
      "authorEmail": "cervenkahonza@gmail.com",
      "authorBrandIds": [],
      "createdAt": "2025-12-02T20:11:33.586Z"
    },
    {
      "id": "97a8f38e-384c-4ace-9d40-b972d39c1549",
      "title": "test",
      "body": null,
      "date": "2025-12-02T20:11:38.151Z",
      "source": "restaurant",
      "authorId": "117701401018793050237",
      "authorName": "Jan Červenka",
      "authorEmail": "cervenkahonza@gmail.com",
      "authorBrandIds": [],
      "createdAt": "2025-12-02T20:11:38.767Z"
    },
    {
      "id": "792189e2-605c-41f9-9041-7bc55338c3da",
      "title": "Test",
      "body": null,
      "date": "2025-12-02T20:12:19.301Z",
      "source": "restaurant",
      "authorId": "117701401018793050237",
      "authorName": "Jan Červenka",
      "authorEmail": "cervenkahonza@gmail.com",
      "authorBrandIds": [],
      "createdAt": "2025-12-02T20:12:19.918Z"
    },
    {
      "id": "a02cdf0b-5985-433a-b9a1-e211dc8c55eb",
      "title": "V Esce budou mít koňakové špičky.",
      "body": null,
      "date": "2025-12-02T20:13:15.902Z",
      "source": "restaurant",
      "authorId": "117701401018793050237",
      "authorName": "Jan Červenka",
      "authorEmail": "cervenkahonza@gmail.com",
      "authorBrandIds": [],
      "createdAt": "2025-12-02T20:13:16.540Z"
    },
    {
      "id": "564f19a2-56d1-45f9-9f8f-fbb2b514e71c",
      "title": "test",
      "body": null,
      "date": "2025-12-02T20:13:54.864Z",
      "source": "restaurant",
      "authorId": "117701401018793050237",
      "authorName": "Jan Červenka",
      "authorEmail": "cervenkahonza@gmail.com",
      "authorBrandIds": [],
      "createdAt": "2025-12-02T20:13:55.517Z"
    },
    {
      "id": "936aa963-b927-4c5a-8524-737aded53a11",
      "title": "Test",
      "body": null,
      "date": "2025-12-02T20:15:30.879Z",
      "source": "restaurant",
      "authorId": "117701401018793050237",
      "authorName": "Jan Červenka",
      "authorEmail": "cervenkahonza@gmail.com",
      "authorBrandIds": [],
      "createdAt": "2025-12-02T20:15:31.539Z"
    },
    {
      "id": "85468b94-da40-49d7-8148-8b95e1409c0e",
      "title": "test",
      "body": null,
      "date": "2025-12-02T20:17:39.914Z",
      "source": "restaurant",
      "authorId": "117701401018793050237",
      "authorName": "Jan Červenka",
      "authorEmail": "cervenkahonza@gmail.com",
      "authorBrandIds": [],
      "createdAt": "2025-12-02T20:17:40.546Z"
    },
    {
      "id": "2cb2f061-398a-4e20-afe4-030fc18f0748",
      "title": "Tesst",
      "body": null,
      "date": "2025-12-02T20:20:59.551Z",
      "source": "restaurant",
      "authorId": "117701401018793050237",
      "authorName": "Jan Červenka",
      "authorEmail": "cervenkahonza@gmail.com",
      "authorBrandIds": [],
      "createdAt": "2025-12-02T20:21:05.616Z"
    },
    {
      "id": "7088028e-2f2d-4223-b6c4-5781d07aa2e4",
      "title": "Test",
      "body": null,
      "date": "2025-12-02T20:21:12.402Z",
      "source": "restaurant",
      "authorId": "117701401018793050237",
      "authorName": "Jan Červenka",
      "authorEmail": "cervenkahonza@gmail.com",
      "authorBrandIds": [],
      "createdAt": "2025-12-02T20:21:18.422Z"
    },
    {
      "id": "885677ce-2d50-45c0-88b8-d0fa29d6f42d",
      "title": "Test",
      "body": null,
      "date": "2025-12-02T20:21:41.651Z",
      "source": "restaurant",
      "authorId": "117701401018793050237",
      "authorName": "Jan Červenka",
      "authorEmail": "cervenkahonza@gmail.com",
      "authorBrandIds": [],
      "createdAt": "2025-12-02T20:21:47.675Z"
    },
    {
      "id": "44739316-fe9d-4e94-b56b-f263eb76a0db",
      "title": "Test",
      "body": null,
      "date": "2025-12-02T20:21:51.985Z",
      "source": "restaurant",
      "authorId": "117701401018793050237",
      "authorName": "Jan Červenka",
      "authorEmail": "cervenkahonza@gmail.com",
      "authorBrandIds": [],
      "createdAt": "2025-12-02T20:21:58.002Z"
    },
    {
      "id": "0de1bac1-ee2c-4975-b4d4-02a337e5379e",
      "title": "test",
      "body": null,
      "date": "2025-12-02T20:30:19.608Z",
      "source": "restaurant",
      "authorId": "117701401018793050237",
      "authorName": "Jan Červenka",
      "authorEmail": "cervenkahonza@gmail.com",
      "authorBrandIds": [],
      "createdAt": "2025-12-02T20:30:23.677Z"
    }
  ],
  "users": {
    "117701401018793050237": {
      "id": "117701401018793050237",
      "email": "cervenkahonza@gmail.com",
      "name": "Jan Červenka",
      "brandIds": [],
      "lastSeen": "2025-12-02T20:30:23.675Z"
    }
  }
}